{
	"format_version": "1.12.0",
	"minecraft:geometry": [
		{
			"description": {
				"identifier": "geometry.Stacked_Books",
				"texture_width": 64,
				"texture_height": 64,
				"visible_bounds_width": 2,
				"visible_bounds_height": 2.5,
				"visible_bounds_offset": [0, 0.75, 0]
			},
			"bones": [
				{
					"name": "bone",
					"pivot": [0, 0, 0],
					"cubes": [
						{"origin": [-2.0346, 0, -3.65349], "size": [7, 2, 9], "uv": [23, 2]},
						{"origin": [-2.0346, 4.05, -4.15349], "size": [7, 2, 9], "pivot": [0.9654, 1, -2.65349], "rotation": [0, -12.5, 0], "uv": [0, 11]},
						{"origin": [-2.0346, 2.025, -4.59517], "size": [7, 2, 9], "pivot": [0.9654, 1, -3.32017], "rotation": [0, 22.5, 0], "uv": [0, 22]},
						{"origin": [-8.67926, 2.21919, -4.71824], "size": [7, 2, 9], "pivot": [-5.4846, 4.725, -0.49517], "rotation": [88.00139, 77.18079, 8.88113], "uv": [0, 0]}
					]
				}
			]
		}
	]
}